invoice_id,customer_id,device_id,invoice_date,amount_usd,status
1,117,40,2026-07-26,565.36,Paid
2,21,48,2026-03-24,7318.94,Paid
3,111,131,2026-06-03,421.73,Pending
4,12,19,2025-08-20,8809.11,Pending
5,38,151,2026-06-02,9114.06,Paid
6,96,67,2026-03-03,649.18,Pending
7,84,267,2026-06-12,725.96,Paid
8,6,275,2026-06-25,8423.01,Pending
9,21,209,2025-09-17,443.29,Pending
10,2,22,2025-10-06,657.62,Paid
11,39,188,2026-05-22,789.59,Paid
12,65,11,2026-07-09,689.3,Paid
13,74,173,2026-06-11,7410.97,Paid
14,14,122,2025-12-07,404.04,Paid
15,50,253,2026-02-08,643.37,Paid
16,44,203,2025-11-14,502.51,Paid
17,18,220,2026-03-03,522.6,Paid
18,49,223,2025-11-22,434.21,Paid
19,114,24,2026-03-03,410.0,Paid
20,117,266,2025-08-24,573.38,Paid
21,10,50,2025-09-02,8380.7,Paid
22,82,60,2026-03-04,9471.29,Paid
23,62,66,2025-09-23,446.58,Paid
24,57,219,2026-07-07,681.03,Paid
25,67,10,2026-01-15,9416.55,Paid
26,2,22,2025-08-17,677.28,Overdue
27,95,99,2025-11-07,8425.63,Paid
28,8,29,2025-11-07,8202.18,Paid
29,84,267,2026-01-05,594.34,Paid
30,69,105,2025-12-24,510.61,Paid
31,72,185,2025-11-29,793.3,Paid
32,117,200,2026-07-20,702.01,Paid
33,45,204,2026-04-24,676.79,Pending
34,36,46,2026-04-25,7458.16,Pending
35,74,14,2026-05-05,9120.75,Paid
36,33,198,2026-07-12,7415.02,Paid
37,113,79,2026-02-13,585.72,Overdue
38,57,234,2026-08-14,9942.58,Paid
39,68,38,2025-11-07,548.85,Paid
40,70,165,2026-08-02,810.33,Paid
41,52,109,2025-11-28,7559.48,Paid
42,73,52,2025-09-13,510.46,Paid
43,12,90,2025-12-17,8666.43,Paid
44,53,112,2025-12-26,8034.98,Pending
45,111,131,2026-07-21,424.75,Overdue
46,19,175,2025-09-17,607.16,Paid
47,20,183,2025-09-01,384.72,Pending
48,81,27,2025-10-11,7579.8,Paid
49,47,221,2026-01-20,771.55,Paid
50,118,261,2025-12-17,533.97,Pending
51,10,282,2025-10-22,546.49,Paid
52,76,94,2026-01-19,9205.24,Paid
53,14,224,2026-07-09,384.83,Paid
54,18,293,2026-04-25,7995.7,Pending
55,49,56,2026-04-02,696.49,Overdue
56,90,249,2025-11-30,607.17,Paid
57,90,249,2026-07-03,694.86,Pending
58,20,218,2025-11-24,430.38,Paid
59,119,288,2026-02-15,693.91,Paid
60,89,74,2025-12-30,8284.8,Overdue
61,25,108,2025-11-22,395.05,Paid
62,92,269,2026-07-14,429.34,Paid
63,108,136,2026-06-05,560.31,Paid
64,29,149,2026-06-01,10139.45,Pending
65,46,21,2026-06-28,528.71,Paid
66,82,60,2026-08-09,10271.15,Paid
67,5,124,2026-05-28,8613.52,Paid
68,65,156,2025-10-09,669.0,Overdue
69,30,284,2025-10-10,485.68,Pending
70,33,3,2026-01-27,429.9,Overdue
71,29,271,2026-06-04,7269.79,Pending
72,118,230,2026-08-09,10278.21,Paid
73,52,100,2026-06-11,491.37,Paid
74,39,176,2025-09-27,657.49,Paid
75,8,153,2026-01-20,10044.96,Paid
76,14,122,2026-05-09,429.89,Paid
77,117,245,2025-10-08,718.94,Paid
78,10,282,2025-12-13,524.9,Paid
79,29,271,2025-10-02,8323.01,Paid
80,113,70,2026-05-24,502.96,Overdue
81,21,209,2025-12-24,476.13,Overdue
82,114,24,2026-02-13,441.02,Paid
83,52,109,2026-02-09,7618.09,Paid
84,58,120,2026-08-08,9048.47,Pending
85,92,192,2026-03-25,811.6,Overdue
86,24,64,2026-04-06,425.03,Paid
87,90,28,2025-10-06,8158.83,Paid
88,24,53,2026-07-28,591.54,Paid
89,3,190,2026-07-20,779.35,Paid
90,16,232,2026-01-04,779.39,Overdue
91,67,10,2026-03-06,8527.68,Pending
92,35,25,2026-03-02,566.11,Paid
93,27,260,2026-02-13,8477.21,Paid
94,1,189,2026-03-01,461.41,Paid
95,33,290,2025-11-09,528.04,Pending
96,85,298,2025-09-16,9458.63,Paid
97,34,34,2026-05-05,402.33,Paid
98,29,149,2026-02-25,8158.11,Paid
99,66,147,2026-05-28,399.56,Paid
100,96,294,2026-06-09,704.29,Paid
101,76,94,2025-11-05,8119.33,Paid
102,12,9,2025-09-17,525.23,Paid
103,16,232,2025-12-27,591.24,Paid
104,111,131,2025-10-30,431.36,Paid
105,26,299,2026-06-24,490.65,Paid
106,13,85,2025-12-27,675.15,Paid
107,61,207,2026-02-06,469.05,Paid
108,96,294,2025-10-04,573.26,Pending
109,99,216,2025-09-26,495.83,Paid
110,96,294,2026-07-16,749.37,Paid
111,62,193,2025-12-27,9418.83,Overdue
112,83,152,2026-06-23,409.5,Paid
113,56,283,2026-05-28,466.71,Paid
114,57,234,2025-10-07,7315.26,Paid
115,36,46,2026-02-01,7507.78,Paid
116,77,268,2026-06-18,9647.15,Paid
117,83,152,2026-03-06,513.85,Paid
118,99,75,2026-07-23,524.12,Paid
119,6,275,2026-01-18,8841.05,Paid
120,39,188,2025-11-02,775.33,Paid
121,11,297,2025-11-07,8925.09,Pending
122,56,197,2026-05-17,527.47,Paid
123,65,292,2025-09-28,677.01,Paid
124,107,128,2026-04-28,632.37,Paid
125,105,76,2025-10-08,10434.78,Paid
126,54,170,2026-05-12,7297.85,Paid
127,33,290,2026-04-28,442.82,Paid
128,24,53,2026-01-19,681.21,Paid
129,38,151,2025-09-05,8005.49,Pending
130,65,11,2025-09-24,617.08,Paid
131,41,257,2026-03-17,9144.68,Paid
132,17,159,2026-02-07,9647.28,Paid
133,65,292,2026-03-22,803.74,Paid
134,52,100,2025-10-13,446.77,Paid
135,12,90,2025-10-09,10251.4,Paid
136,78,98,2025-10-07,590.16,Paid
137,49,56,2025-11-14,693.66,Paid
138,9,95,2025-08-21,701.17,Paid
139,57,115,2026-06-17,751.54,Paid
140,38,151,2026-01-16,10581.39,Pending
141,23,73,2026-05-24,736.42,Pending
142,47,221,2026-02-04,654.73,Paid
143,61,207,2025-10-07,431.58,Pending
144,120,289,2026-02-26,674.97,Paid
145,5,287,2026-07-30,538.12,Paid
146,8,29,2026-02-05,8318.93,Paid
147,21,209,2026-05-08,411.68,Paid
148,33,12,2026-01-26,8262.99,Paid
149,109,286,2026-04-10,460.27,Paid
150,24,243,2025-08-21,7976.03,Paid
151,62,80,2025-09-26,681.17,Paid
152,45,204,2025-09-07,600.71,Pending
153,113,61,2026-04-09,545.16,Paid
154,75,235,2026-03-26,10357.33,Paid
155,101,214,2025-10-19,580.38,Paid
156,44,16,2025-10-14,7661.48,Paid
157,1,227,2026-01-09,440.26,Paid
158,12,90,2026-01-19,8952.12,Paid
159,100,111,2026-07-30,421.86,Paid
160,17,159,2026-01-30,9885.13,Paid
161,119,288,2026-05-04,693.28,Paid
162,109,117,2025-11-19,429.94,Overdue
163,84,267,2026-03-14,611.24,Paid
164,23,113,2025-12-07,695.51,Paid
165,19,167,2025-11-08,554.84,Paid
166,61,186,2026-07-23,556.35,Paid
167,35,125,2025-11-24,9683.49,Pending
168,84,267,2025-09-19,709.77,Paid
169,55,71,2026-01-02,654.54,Paid
170,119,288,2026-07-31,665.42,Paid
171,12,9,2026-05-15,405.51,Paid
172,27,146,2026-01-10,588.43,Pending
173,35,2,2025-09-06,9794.9,Paid
174,67,177,2026-01-07,624.34,Paid
175,21,209,2026-06-14,389.23,Paid
176,113,61,2026-08-09,451.33,Pending
177,23,73,2026-03-26,729.79,Paid
178,33,290,2025-09-14,560.19,Paid
179,49,223,2026-04-27,512.14,Paid
180,19,175,2026-02-07,787.84,Paid
181,44,16,2026-04-12,8237.03,Paid
182,10,282,2026-01-12,420.62,Pending
183,105,76,2026-01-03,10129.77,Paid
184,47,208,2025-09-06,416.82,Paid
185,92,184,2025-12-30,591.28,Paid
186,47,279,2026-01-19,678.01,Paid
187,105,76,2025-11-23,9828.46,Paid
188,49,223,2025-09-24,538.49,Paid
189,17,137,2025-12-27,9034.25,Paid
190,21,48,2026-05-29,8034.02,Paid
191,10,282,2025-12-17,512.26,Paid
192,25,196,2025-11-12,448.07,Paid
193,96,294,2025-10-15,715.89,Paid
194,63,194,2025-09-24,529.95,Paid
195,67,177,2025-11-02,612.95,Paid
196,21,209,2025-08-21,395.66,Paid
197,68,38,2026-07-15,455.63,Paid
198,100,111,2025-10-24,428.22,Pending
199,101,8,2025-10-29,626.62,Pending
200,119,288,2026-07-23,668.19,Paid
201,92,247,2025-11-12,402.46,Paid
202,57,219,2025-09-17,802.31,Paid
203,101,51,2026-03-13,765.78,Paid
204,99,75,2025-09-02,526.53,Paid
205,78,98,2026-08-13,678.62,Paid
206,29,271,2026-02-10,8876.37,Paid
207,89,161,2025-09-03,494.52,Pending
208,18,293,2025-09-20,8261.49,Overdue
209,74,173,2025-12-07,10107.15,Paid
210,103,62,2026-08-10,423.3,Paid
211,75,129,2026-05-19,8021.84,Pending
212,95,99,2026-08-02,8217.91,Paid
213,17,137,2026-02-16,7302.09,Paid
214,32,205,2025-12-10,608.7,Paid
215,69,278,2026-01-06,799.78,Paid
216,30,77,2025-12-25,7246.0,Pending
217,5,124,2025-10-03,9191.94,Paid
218,71,160,2026-04-20,388.16,Paid
219,118,261,2025-12-16,488.97,Paid
220,46,140,2026-07-11,9156.68,Paid
221,46,21,2026-02-17,409.06,Paid
222,44,16,2026-02-16,10502.19,Pending
223,13,85,2026-05-27,740.57,Paid
224,117,245,2025-08-25,655.01,Paid
225,57,115,2026-06-04,751.3,Paid
226,50,1,2026-02-07,520.14,Overdue
227,33,4,2026-06-30,719.03,Paid
228,73,264,2025-08-30,455.61,Paid
229,49,223,2025-10-15,449.86,Paid
230,6,201,2026-04-23,7343.51,Paid
231,117,200,2025-09-14,776.66,Overdue
232,90,33,2026-04-03,10133.87,Paid
233,8,29,2026-07-31,7752.04,Paid
234,82,60,2025-11-09,7991.46,Paid
235,38,199,2025-11-03,7512.5,Paid
236,100,258,2026-04-23,625.39,Paid
237,117,104,2025-10-07,525.97,Pending
238,58,39,2026-05-06,10502.1,Paid
239,109,42,2026-08-15,536.55,Paid
240,95,99,2026-02-16,9578.67,Pending
241,91,172,2026-08-15,7667.38,Pending
242,74,14,2026-03-27,9086.15,Paid
243,35,25,2026-02-24,640.57,Paid
244,34,34,2026-05-25,504.66,Paid
245,62,193,2026-01-27,8085.18,Paid
246,29,271,2025-10-04,9679.32,Paid
247,8,29,2025-12-01,7981.28,Paid
248,42,143,2026-04-02,591.08,Paid
249,109,42,2026-07-27,429.47,Pending
250,38,151,2025-08-31,9568.07,Paid
251,68,38,2026-05-04,455.15,Paid
252,70,165,2026-04-23,682.71,Paid
253,90,28,2025-11-12,7387.7,Paid
254,87,233,2026-08-16,7636.99,Paid
255,21,209,2026-03-27,462.04,Paid
256,61,91,2026-08-02,752.41,Pending
257,77,268,2026-03-12,7902.33,Overdue
258,83,101,2026-08-15,750.93,Paid
259,26,299,2025-09-21,533.83,Paid
260,1,227,2025-08-22,394.48,Paid
261,118,211,2026-05-24,8700.24,Paid
262,89,74,2025-12-08,10446.47,Paid
263,87,26,2026-06-30,467.84,Paid
264,1,189,2026-06-04,483.01,Pending
265,23,113,2026-07-10,700.12,Paid
266,9,144,2026-02-15,517.52,Paid
267,7,139,2026-01-30,10304.09,Paid
268,12,9,2025-10-18,506.04,Paid
269,28,254,2025-12-03,9384.13,Paid
270,31,226,2025-09-10,513.83,Paid
271,1,227,2026-03-16,451.3,Overdue
272,50,145,2025-12-24,619.56,Paid
273,6,201,2025-09-12,7821.45,Paid
274,86,84,2026-05-04,738.94,Paid
275,93,30,2026-02-01,8633.68,Pending
276,118,230,2026-08-12,9860.16,Paid
277,13,72,2026-08-10,673.52,Pending
278,61,207,2026-05-23,386.54,Paid
279,118,211,2026-01-25,8013.67,Paid
280,96,67,2026-07-21,789.84,Paid
281,55,71,2026-07-26,600.68,Pending
282,67,177,2026-08-07,590.57,Paid
283,67,10,2026-02-11,9692.63,Paid
284,114,285,2025-12-28,10117.65,Paid
285,21,48,2025-11-29,8693.64,Pending
286,60,252,2026-01-13,7348.4,Paid
287,24,243,2026-03-31,9471.66,Pending
288,56,197,2026-04-23,479.91,Pending
289,35,25,2026-01-25,663.33,Paid
290,89,83,2026-02-20,557.79,Paid
291,33,290,2026-04-02,459.14,Pending
292,115,35,2025-12-09,505.45,Paid
293,58,135,2025-09-16,741.92,Paid
294,33,12,2026-01-15,8901.14,Paid
295,45,204,2026-01-28,788.91,Paid
296,92,269,2026-07-04,421.35,Paid
297,35,274,2026-08-14,7342.04,Paid
298,58,135,2025-09-01,585.52,Paid
299,115,35,2026-08-09,552.84,Paid
300,52,100,2025-09-06,457.06,Paid
301,111,102,2026-06-02,534.33,Overdue
302,117,104,2026-04-30,474.0,Paid
303,87,233,2026-03-10,8051.38,Paid
304,42,119,2025-10-12,454.61,Pending
305,36,46,2025-09-24,8507.18,Paid
306,37,68,2026-01-01,605.4,Paid
307,89,161,2026-03-13,389.76,Paid
308,92,184,2026-06-25,595.02,Overdue
309,49,88,2025-11-06,760.08,Paid
310,117,104,2026-07-02,527.1,Paid
311,67,177,2026-04-18,781.11,Overdue
312,45,206,2025-12-22,8210.51,Overdue
313,49,56,2026-02-04,635.8,Paid
314,72,240,2026-02-28,8473.53,Overdue
315,47,279,2026-06-12,717.64,Paid
316,114,41,2025-09-25,425.4,Paid
317,96,238,2025-10-21,541.89,Paid
318,51,6,2025-09-25,383.24,Paid
319,69,105,2026-08-03,417.73,Paid
320,13,85,2026-01-09,749.09,Paid
321,24,53,2026-01-22,600.83,Paid
322,114,41,2026-01-10,438.94,Paid
323,86,84,2025-09-09,661.57,Paid
324,50,1,2025-12-20,386.23,Paid
325,113,195,2026-03-26,730.55,Paid
326,112,58,2025-11-02,479.19,Paid
327,23,113,2026-05-15,735.53,Pending
328,19,217,2025-09-27,437.77,Pending
329,14,122,2026-01-30,509.75,Paid
330,17,263,2026-03-04,758.22,Paid
331,4,163,2026-07-30,10439.57,Paid
332,37,68,2025-10-09,706.22,Overdue
333,72,240,2025-11-03,8146.94,Paid
334,28,254,2026-03-12,9783.48,Paid
335,25,280,2026-08-13,533.47,Paid
336,96,294,2026-05-27,635.42,Paid
337,67,177,2025-09-08,643.49,Paid
338,62,193,2026-06-08,9111.9,Paid
339,96,63,2026-06-01,7349.36,Paid
340,78,98,2026-08-10,727.38,Paid
341,53,112,2025-11-03,8904.99,Paid
342,118,230,2025-11-02,8087.36,Paid
343,58,39,2025-08-25,7882.49,Paid
344,25,280,2026-05-21,400.81,Paid
345,83,152,2026-01-18,468.33,Paid
346,116,158,2025-11-17,579.1,Paid
347,108,136,2025-10-20,485.02,Paid
348,87,26,2025-10-07,424.89,Paid
349,19,87,2025-11-25,8217.62,Paid
350,11,297,2025-09-15,7683.72,Paid
351,31,166,2026-07-02,505.34,Paid
352,35,25,2026-01-29,709.51,Paid
353,23,73,2026-01-17,647.46,Pending
354,44,203,2025-11-03,472.57,Paid
355,38,151,2026-07-09,7868.54,Paid
356,63,262,2025-10-23,659.93,Pending
357,115,23,2025-09-05,425.87,Paid
358,36,49,2026-07-10,779.25,Pending
359,47,221,2026-01-20,810.89,Paid
360,40,142,2026-08-04,7480.03,Pending
361,27,146,2025-12-03,782.77,Paid
362,90,28,2025-10-28,7454.27,Paid
363,14,122,2026-07-27,420.43,Paid
364,16,232,2026-02-09,740.77,Paid
365,69,105,2026-02-28,522.9,Paid
366,75,129,2026-05-30,8961.69,Pending
367,24,53,2026-08-05,716.61,Paid
368,45,204,2026-01-23,725.27,Paid
369,102,241,2026-07-17,10331.04,Paid
370,35,274,2026-03-13,8679.15,Paid
371,49,56,2026-06-14,751.45,Pending
372,23,73,2026-03-10,645.45,Paid
373,96,238,2026-07-10,471.44,Overdue
374,101,256,2025-10-28,7917.52,Paid
375,17,263,2026-05-08,623.06,Pending
376,49,88,2026-03-16,695.74,Paid
377,71,96,2025-10-08,7253.09,Paid
378,58,39,2026-04-17,8266.6,Paid
379,101,8,2026-06-14,690.58,Paid
380,89,83,2026-05-12,530.74,Paid
381,21,48,2026-06-15,8095.95,Paid
382,60,252,2026-05-12,9668.64,Paid
383,6,275,2025-08-22,7227.84,Paid
384,76,94,2026-07-11,7759.41,Overdue
385,24,53,2026-07-24,709.65,Pending
386,52,100,2026-02-15,527.51,Paid
387,74,134,2025-12-10,461.4,Paid
388,117,266,2026-06-02,761.28,Paid
389,36,215,2026-04-20,419.53,Paid
390,49,88,2025-11-21,657.71,Paid
391,96,294,2026-05-08,651.63,Paid
392,25,280,2026-08-13,533.45,Paid
393,19,175,2026-07-28,646.26,Paid
394,60,252,2026-06-26,10276.13,Paid
395,15,225,2026-04-06,710.17,Paid
396,58,120,2026-04-07,7914.8,Paid
397,57,219,2026-03-16,717.83,Paid
398,42,119,2025-08-30,449.21,Paid
399,115,277,2026-05-16,588.78,Paid
400,35,125,2025-10-24,9446.13,Paid
401,36,59,2026-04-28,8885.06,Paid
402,73,264,2026-05-27,420.51,Paid
403,61,91,2026-03-24,592.52,Overdue
404,47,279,2025-11-04,765.93,Paid
405,36,164,2025-11-01,421.09,Paid
406,80,210,2025-10-25,643.7,Paid
407,43,15,2026-04-22,8659.79,Pending
408,90,174,2026-08-01,9675.75,Paid
409,53,118,2025-12-30,646.09,Paid
410,96,294,2025-12-28,625.13,Overdue
411,3,231,2025-12-05,9622.9,Paid
412,33,12,2025-12-07,8343.13,Paid
413,50,253,2026-06-12,709.15,Paid
414,47,279,2025-10-01,570.64,Paid
415,18,220,2026-02-15,405.95,Paid
416,61,207,2026-08-17,426.79,Paid
417,113,61,2026-01-15,434.33,Paid
418,87,233,2025-12-23,8190.54,Pending
419,117,245,2026-06-16,632.36,Paid
420,74,32,2026-01-19,687.65,Paid
421,61,207,2026-08-08,462.02,Pending
422,92,255,2025-12-17,7498.79,Pending
423,39,121,2026-07-22,539.3,Pending
424,47,208,2026-01-31,418.24,Paid
425,117,266,2025-12-31,712.7,Paid
426,105,76,2026-03-07,9118.27,Pending
427,101,8,2025-10-15,796.0,Paid
428,105,187,2026-01-23,627.57,Paid
429,35,2,2025-11-29,7746.73,Paid
430,62,193,2026-04-15,9892.19,Paid
431,115,277,2026-04-22,786.58,Paid
432,89,74,2026-04-06,9170.55,Paid
433,29,44,2026-04-30,544.17,Pending
434,49,88,2026-07-26,673.53,Pending
435,19,93,2026-07-14,667.95,Pending
436,57,115,2025-09-22,754.51,Paid
437,13,179,2025-09-18,549.84,Paid
438,61,168,2026-06-19,10313.63,Paid
439,112,82,2025-09-18,726.02,Paid
440,120,45,2025-08-23,569.59,Overdue
441,58,202,2026-07-24,8370.55,Pending
442,39,188,2025-09-23,735.66,Paid
443,101,8,2026-05-18,730.65,Paid
444,91,172,2026-04-02,8627.14,Paid
445,115,277,2026-03-04,778.07,Paid
446,118,230,2026-04-05,8084.54,Overdue
447,64,54,2026-02-17,719.69,Paid
448,108,136,2026-06-07,523.15,Paid
449,47,208,2026-04-18,510.3,Paid
450,65,292,2026-06-24,599.0,Paid
451,30,77,2025-11-02,8187.54,Paid
452,68,38,2026-05-28,405.09,Paid
453,77,268,2026-03-06,9974.66,Paid
454,12,90,2025-09-27,9515.87,Paid
455,68,38,2026-06-26,443.83,Paid
456,18,293,2026-07-30,9991.58,Paid
457,13,72,2025-12-23,662.08,Paid
458,61,168,2026-06-03,8419.04,Pending
459,118,291,2026-02-02,523.93,Paid
460,45,204,2026-07-15,586.92,Paid
461,57,234,2026-04-10,9848.86,Paid
462,46,21,2026-05-31,516.66,Paid
463,109,286,2026-01-08,394.14,Paid
464,35,274,2026-07-26,8240.43,Paid
465,102,138,2026-05-30,652.57,Paid
466,39,121,2026-02-18,530.92,Paid
467,47,221,2025-11-22,807.5,Paid
468,69,278,2026-04-15,575.69,Paid
469,5,148,2025-12-07,770.55,Paid
470,25,280,2026-07-13,464.52,Paid
471,12,9,2026-07-15,424.87,Paid
472,112,82,2026-04-20,599.45,Paid
473,23,65,2025-08-18,616.31,Paid
474,95,20,2026-07-15,9312.28,Paid
475,54,170,2025-08-28,7513.72,Paid
476,13,18,2025-08-26,8532.57,Pending
477,53,118,2026-06-02,689.16,Paid
478,69,278,2026-06-20,554.9,Paid
479,105,222,2026-02-22,656.63,Paid
480,75,129,2026-05-15,8745.41,Paid
481,27,260,2025-12-11,8557.75,Paid
482,37,150,2025-10-18,760.55,Paid
483,96,67,2026-03-14,749.14,Paid
484,8,153,2026-01-21,7503.42,Overdue
485,74,173,2026-03-08,9721.31,Paid
486,17,263,2026-01-07,703.76,Pending
487,30,284,2026-03-30,550.05,Paid
488,34,34,2026-01-07,513.48,Paid
489,29,44,2025-09-04,560.66,Paid
490,27,146,2026-07-24,575.75,Overdue
491,45,178,2026-01-21,592.24,Paid
492,16,232,2026-07-26,674.24,Pending
493,25,280,2026-01-06,453.9,Paid
494,27,260,2026-05-10,7373.71,Paid
495,75,235,2026-01-11,10057.19,Paid
496,12,19,2025-12-11,8010.17,Paid
497,31,226,2025-10-13,433.82,Paid
498,89,47,2025-11-09,7399.92,Paid
499,20,183,2026-05-03,446.39,Pending
500,105,92,2025-10-02,9344.15,Paid
501,39,121,2025-09-29,416.85,Paid
502,47,279,2026-03-16,794.04,Paid
503,45,206,2026-01-07,7785.23,Overdue
504,118,230,2026-05-22,8921.12,Paid
505,117,200,2026-07-18,683.38,Paid
506,117,245,2026-06-19,560.4,Pending
507,83,101,2025-10-14,664.01,Paid
508,115,277,2025-12-13,805.03,Paid
509,71,96,2025-09-20,9576.5,Pending
510,74,14,2025-08-26,8981.29,Paid
511,16,232,2025-08-21,792.06,Paid
512,13,141,2026-05-25,608.3,Paid
513,113,195,2025-10-12,755.85,Pending
514,117,40,2026-03-31,669.96,Paid
515,90,33,2026-03-03,8425.92,Paid
516,74,237,2026-08-07,7762.22,Paid
517,28,254,2026-03-14,9225.71,Paid
518,46,273,2025-08-26,9278.25,Paid
519,50,253,2026-05-12,731.59,Paid
520,56,197,2026-08-11,452.76,Paid
521,69,278,2026-04-06,582.82,Paid
522,30,77,2026-05-28,7466.95,Paid
523,111,295,2025-10-24,614.99,Paid
524,14,224,2026-04-12,428.65,Paid
525,64,259,2025-11-06,745.46,Paid
526,92,255,2025-10-26,9309.71,Paid
527,113,79,2026-06-20,785.54,Paid
528,96,67,2026-05-09,676.37,Paid
529,36,164,2026-06-08,476.05,Paid
530,33,265,2026-01-02,805.6,Pending
531,49,296,2025-11-20,492.56,Paid
532,83,101,2025-09-04,748.9,Paid
533,50,253,2025-09-16,811.35,Paid
534,95,20,2025-10-08,7456.74,Paid
535,46,273,2025-08-25,9707.9,Pending
536,4,163,2026-08-12,9990.46,Overdue
537,92,269,2026-06-30,470.54,Paid
538,50,1,2025-09-26,499.9,Paid
539,32,205,2026-07-22,805.62,Paid
540,71,96,2025-09-30,10564.3,Paid
541,14,122,2025-10-07,385.34,Paid
542,1,189,2025-11-20,404.31,Paid
543,81,27,2025-10-22,8916.67,Paid
544,102,138,2025-09-14,628.18,Pending
545,44,16,2026-06-22,9437.79,Overdue
546,72,185,2026-07-17,598.92,Paid
547,117,200,2025-11-01,773.77,Paid
548,25,196,2025-09-22,460.12,Pending
549,54,170,2026-06-04,8723.37,Paid
550,57,234,2026-01-15,7427.28,Paid
551,65,292,2026-02-11,722.79,Paid
552,95,20,2026-04-02,9665.45,Paid
553,44,16,2025-11-01,10142.56,Paid
554,24,64,2026-01-17,518.77,Pending
555,59,86,2026-07-08,515.95,Paid
556,9,144,2026-04-05,423.98,Paid
557,69,278,2026-01-29,719.52,Paid
558,61,91,2025-10-14,770.46,Overdue
559,39,176,2025-12-04,587.81,Paid
560,92,192,2026-07-13,796.19,Paid
561,102,138,2026-04-15,691.71,Paid
562,75,129,2026-04-05,7940.81,Overdue
563,76,94,2026-06-25,9880.0,Paid
564,92,269,2025-09-28,402.49,Pending
565,58,202,2025-12-20,9554.09,Paid
566,12,236,2025-12-21,7707.76,Paid
567,58,202,2026-08-16,10536.88,Paid
568,83,101,2026-03-24,672.66,Overdue
569,13,72,2025-08-18,683.71,Paid
570,92,181,2026-02-23,808.37,Paid
571,38,151,2025-11-18,10576.57,Paid
572,71,96,2025-09-30,8832.9,Paid
573,93,127,2026-03-26,10473.43,Paid
574,12,69,2026-03-01,558.48,Paid
575,46,273,2026-02-22,8689.76,Paid
576,111,295,2026-05-22,698.59,Pending
577,102,138,2025-11-04,767.89,Paid
578,6,201,2025-12-28,9167.47,Paid
579,16,114,2026-07-11,801.56,Paid
580,52,100,2025-08-27,453.97,Paid
581,25,280,2025-10-06,552.72,Paid
582,96,294,2025-09-16,785.44,Paid
583,24,53,2026-04-27,690.71,Paid
584,19,175,2025-10-02,759.38,Paid
585,47,208,2025-11-25,468.05,Paid
586,13,85,2025-10-28,666.38,Paid
587,74,134,2025-09-19,436.42,Paid
588,114,41,2026-05-03,442.71,Paid
589,61,168,2026-04-12,8194.61,Paid
590,71,96,2026-02-03,8719.67,Paid
591,46,273,2026-06-09,10069.6,Paid
592,74,173,2026-01-23,8002.78,Paid
593,36,248,2026-07-29,8235.64,Paid
594,105,92,2026-07-20,8541.36,Paid
595,39,176,2025-11-16,683.48,Overdue
596,117,200,2025-10-28,592.45,Pending
597,59,86,2026-06-22,483.66,Overdue
598,111,295,2026-05-06,701.52,Paid
599,49,88,2026-08-04,747.39,Pending
600,61,207,2025-09-23,468.46,Paid
